"BehaviorSpace results (NetLogo 7.0.3)","Table version 2.0"
"Experiments-04-05-ABM.nlogox"
"exp2c_sens_init_fear"
"05/05/2026 00:26:43:436 +0200"
"min-pxcor","max-pxcor","min-pycor","max-pycor"
"-16","16","-16","16"
"[run number]","number-employees","initial-misconduct-propensity","initial-fear","punishment-value","reporter-protection","response-strength","drift-speed","[step]","true-misconduct-total","sanctioned-misconduct-total","hidden-misconduct-total","hidden-misconduct-rate","reported-events-total","retaliation-events-total","mean [fear] of employees","mean [misconduct-propensity] of employees"
"2","300","0.4","0.05","0.5","0.3","0.2","0.05","300","84155","14815","69340","0.8239557958528905","14815","10277","0.7150307612872361","1"
"8","300","0.4","0.05","0.5","0.3","0.2","0.05","300","83758","14747","69011","0.8239332362281812","14747","10287","0.724758808411592","1"
"12","300","0.4","0.1","0.5","0.3","0.2","0.05","300","83447","13951","69496","0.8328160389229091","13951","9841","0.7493091802901801","1"
"11","300","0.4","0.1","0.5","0.3","0.2","0.05","300","83355","13934","69421","0.8328354627796772","13934","9794","0.7477360498029682","1"
"13","300","0.4","0.1","0.5","0.3","0.2","0.05","300","83605","14088","69517","0.8314933317385323","14088","9841","0.747867759718213","1"
"23","300","0.4","0.15","0.5","0.3","0.2","0.05","300","82291","13181","69110","0.8398245251607102","13181","9224","0.7387967719069888","1"
"18","300","0.4","0.1","0.5","0.3","0.2","0.05","300","83294","14034","69260","0.831512473887675","14034","9800","0.7570628176813363","1"
"21","300","0.4","0.15","0.5","0.3","0.2","0.05","300","82074","13073","69001","0.840716914004435","13073","9204","0.7642090841629208","1"
"17","300","0.4","0.1","0.5","0.3","0.2","0.05","300","83290","13953","69337","0.8324768879817505","13953","9786","0.7486364693690591","1"
"6","300","0.4","0.05","0.5","0.3","0.2","0.05","300","83395","14684","68711","0.8239222974998501","14684","10284","0.7268689855228885","1"
"22","300","0.4","0.15","0.5","0.3","0.2","0.05","300","82188","13165","69023","0.8398184649827225","13165","9186","0.7527303596644831","1"
"24","300","0.4","0.15","0.5","0.3","0.2","0.05","300","82608","13179","69429","0.8404633933759442","13179","9245","0.7489214009295043","1"
"14","300","0.4","0.1","0.5","0.3","0.2","0.05","300","83283","14010","69273","0.8317783941500666","14010","9781","0.7449283915765615","1"
"10","300","0.4","0.05","0.5","0.3","0.2","0.05","300","83908","14744","69164","0.8242837393335558","14744","10343","0.7275709815644096","1"
"19","300","0.4","0.1","0.5","0.3","0.2","0.05","300","82960","13923","69037","0.832172131147541","13923","9722","0.7340337614899876","1"
"20","300","0.4","0.1","0.5","0.3","0.2","0.05","300","83426","14141","69285","0.8304964879054492","14141","9811","0.7370289090047386","1"
"5","300","0.4","0.05","0.5","0.3","0.2","0.05","300","83923","14798","69125","0.8236716990574694","14798","10336","0.7412187573214037","1"
"9","300","0.4","0.05","0.5","0.3","0.2","0.05","300","83718","14695","69023","0.824470245347476","14695","10319","0.7316796979099264","1"
"16","300","0.4","0.1","0.5","0.3","0.2","0.05","300","82933","13959","68974","0.8316834070876491","13959","9866","0.7490012002165004","1"
"7","300","0.4","0.05","0.5","0.3","0.2","0.05","300","83454","14615","68839","0.8248735830517411","14615","10234","0.7304363954174015","1"
"4","300","0.4","0.05","0.5","0.3","0.2","0.05","300","83450","14757","68693","0.8231635710005991","14757","10299","0.7267121894619347","1"
"15","300","0.4","0.1","0.5","0.3","0.2","0.05","300","83309","13966","69343","0.832359048842262","13966","9782","0.7554324134277334","1"
"1","300","0.4","0.05","0.5","0.3","0.2","0.05","300","84130","14791","69339","0.8241887554974444","14791","10342","0.7428425533337356","1"
"3","300","0.4","0.05","0.5","0.3","0.2","0.05","300","83808","14761","69047","0.8238712294768996","14761","10347","0.7364320415750363","1"
"27","300","0.4","0.15","0.5","0.3","0.2","0.05","300","82591","13262","69329","0.8394256032739644","13262","9194","0.7456761377798021","1"
"30","300","0.4","0.15","0.5","0.3","0.2","0.05","300","81663","13076","68587","0.8398785251582724","13076","9203","0.742066975702222","1"
"25","300","0.4","0.15","0.5","0.3","0.2","0.05","300","82456","13281","69175","0.8389322790336664","13281","9291","0.7725079218646665","1"
"26","300","0.4","0.15","0.5","0.3","0.2","0.05","300","81961","13262","68699","0.8381913349031856","13262","9207","0.7612713341854885","1"
"29","300","0.4","0.15","0.5","0.3","0.2","0.05","300","82083","12997","69086","0.8416602707016069","12997","9219","0.7677414860195408","1"
"43","300","0.4","0.25","0.5","0.3","0.2","0.05","300","79460","11634","67826","0.8535867102944877","11634","8156","0.7904510330088704","1"
"42","300","0.4","0.25","0.5","0.3","0.2","0.05","300","79512","11516","67996","0.855166515746051","11516","8100","0.7707042981203809","1"
"28","300","0.4","0.15","0.5","0.3","0.2","0.05","300","82226","13183","69043","0.8396735825651254","13183","9225","0.7505183400466984","1"
"34","300","0.4","0.2","0.5","0.3","0.2","0.05","300","81168","12560","68608","0.8452592154543662","12560","8724","0.7776823386318823","1"
"32","300","0.4","0.2","0.5","0.3","0.2","0.05","300","80854","12428","68426","0.8462908452271997","12428","8640","0.7667093174040311","1"
"41","300","0.4","0.25","0.5","0.3","0.2","0.05","300","79608","11524","68084","0.8552406793287107","11524","8084","0.785082970404824","1"
"38","300","0.4","0.2","0.5","0.3","0.2","0.05","300","80615","12253","68362","0.8480059542268809","12253","8648","0.7678803166405045","1"
"39","300","0.4","0.2","0.5","0.3","0.2","0.05","300","80750","12453","68297","0.8457832817337462","12453","8700","0.7797130248358222","1"
"33","300","0.4","0.2","0.5","0.3","0.2","0.05","300","80774","12393","68381","0.8465719167058707","12393","8595","0.7424857923905835","1"
"31","300","0.4","0.2","0.5","0.3","0.2","0.05","300","80687","12317","68370","0.8473483956523356","12317","8697","0.7639768061051383","1"
"40","300","0.4","0.2","0.5","0.3","0.2","0.05","300","81291","12396","68895","0.8475107945529026","12396","8646","0.7756940099730312","1"
"36","300","0.4","0.2","0.5","0.3","0.2","0.05","300","81372","12385","68987","0.8477977682740993","12385","8645","0.7615393879428515","1"
"37","300","0.4","0.2","0.5","0.3","0.2","0.05","300","80849","12256","68593","0.8484087620131356","12256","8637","0.7627258017082518","1"
"44","300","0.4","0.25","0.5","0.3","0.2","0.05","300","79676","11609","68067","0.8542974044881771","11609","8100","0.7895530514664247","1"
"35","300","0.4","0.2","0.5","0.3","0.2","0.05","300","81515","12355","69160","0.8484328037784457","12355","8657","0.7653158649320377","1"
"45","300","0.4","0.25","0.5","0.3","0.2","0.05","300","79643","11702","67941","0.8530693218487501","11702","8138","0.7935173937429728","1"
"46","300","0.4","0.25","0.5","0.3","0.2","0.05","300","79926","11531","68395","0.8557290493706678","11531","8124","0.7797987421126196","1"
"48","300","0.4","0.25","0.5","0.3","0.2","0.05","300","79543","11778","67765","0.8519291452421961","11778","8176","0.7893185194030511","1"
"49","300","0.4","0.25","0.5","0.3","0.2","0.05","300","79634","11706","67928","0.8530024863751664","11706","8133","0.7886926895694286","1"
"50","300","0.4","0.25","0.5","0.3","0.2","0.05","300","80037","11591","68446","0.8551794794907356","11591","8154","0.7944326433263821","1"
"47","300","0.4","0.25","0.5","0.3","0.2","0.05","300","79345","11589","67756","0.8539416472367509","11589","8009","0.7896042507353094","1"
"51","300","0.4","0.3","0.5","0.3","0.2","0.05","300","77777","10678","67099","0.8627100556719853","10678","7499","0.7914488481166877","1"
"58","300","0.4","0.3","0.5","0.3","0.2","0.05","300","76970","10761","66209","0.8601922827075484","10761","7493","0.8061965790261323","1"
"52","300","0.4","0.3","0.5","0.3","0.2","0.05","300","77832","10756","67076","0.8618049131462637","10756","7533","0.8173245437308947","1"
"57","300","0.4","0.3","0.5","0.3","0.2","0.05","300","77486","10750","66736","0.8612652608213096","10750","7504","0.7875145020189175","1"
"53","300","0.4","0.3","0.5","0.3","0.2","0.05","300","77808","10844","66964","0.8606312975529509","10844","7565","0.8101181093894105","1"
"60","300","0.4","0.3","0.5","0.3","0.2","0.05","300","77783","10853","66930","0.8604707969607754","10853","7609","0.8095404876697226","1"
"56","300","0.4","0.3","0.5","0.3","0.2","0.05","300","77284","10733","66551","0.8611226127012059","10733","7584","0.8074293107683154","1"
"63","300","0.4","0.35","0.5","0.3","0.2","0.05","300","75130","9963","65167","0.8673898575801944","9963","6992","0.8123992827139733","0.9993693737539453"
"61","300","0.4","0.35","0.5","0.3","0.2","0.05","300","74957","10005","64952","0.866523473458116","10005","6942","0.813587774990379","0.9991652959013114"
"64","300","0.4","0.35","0.5","0.3","0.2","0.05","300","75389","9980","65409","0.8676199445542453","9980","6944","0.809503424452887","1"
"68","300","0.4","0.35","0.5","0.3","0.2","0.05","300","74264","9854","64410","0.867311214047183","9854","6910","0.8060183563834439","0.9995287103179233"
"62","300","0.4","0.35","0.5","0.3","0.2","0.05","300","74289","9904","64385","0.866682819798355","9904","6956","0.8043522335488434","0.9996696168704944"
"71","300","0.4","0.4","0.5","0.3","0.2","0.05","300","70713","8933","61780","0.8736724506102131","8933","6301","0.8193374215832973","0.9961207801776291"
"66","300","0.4","0.35","0.5","0.3","0.2","0.05","300","74597","9910","64687","0.8671528345643926","9910","6921","0.8192331099190107","0.9999841752116218"
"65","300","0.4","0.35","0.5","0.3","0.2","0.05","300","74492","9925","64567","0.8667642162916823","9925","6932","0.8193062373693976","1"
"54","300","0.4","0.3","0.5","0.3","0.2","0.05","300","77470","10601","66869","0.8631599328772428","10601","7515","0.7982051141172785","1"
"55","300","0.4","0.3","0.5","0.3","0.2","0.05","300","78023","10861","67162","0.8607974571600682","10861","7588","0.8101947921650108","1"
"72","300","0.4","0.4","0.5","0.3","0.2","0.05","300","71234","9044","62190","0.8730381559367718","9044","6296","0.8324848277747008","0.9980310093860367"
"67","300","0.4","0.35","0.5","0.3","0.2","0.05","300","74546","9929","64617","0.8668070721433746","9929","6882","0.8104518883164996","0.9992083896091013"
"59","300","0.4","0.3","0.5","0.3","0.2","0.05","300","77467","10768","66699","0.8609988769411492","10768","7564","0.7941851303873051","1"
"70","300","0.4","0.35","0.5","0.3","0.2","0.05","300","74925","10058","64867","0.8657590924257591","10058","6972","0.8191627563801037","1"
"69","300","0.4","0.35","0.5","0.3","0.2","0.05","300","75158","9988","65170","0.8671066287022007","9988","6946","0.8163459238903372","1"
"73","300","0.4","0.4","0.5","0.3","0.2","0.05","300","70014","8995","61019","0.8715256948610278","8995","6281","0.8237565409518907","0.9971487469051198"
"75","300","0.4","0.4","0.5","0.3","0.2","0.05","300","71246","8986","62260","0.8738736209752126","8986","6261","0.8096222606599539","0.9968633192853923"
"76","300","0.4","0.4","0.5","0.3","0.2","0.05","300","71072","9083","61989","0.8722000225123818","9083","6332","0.8357034348192435","0.9958874533576408"
"79","300","0.4","0.4","0.5","0.3","0.2","0.05","300","70035","8940","61095","0.8723495395159563","8940","6347","0.8290293509029458","0.994489462931845"
"77","300","0.4","0.4","0.5","0.3","0.2","0.05","300","71031","9101","61930","0.8718728442511017","9101","6374","0.8370239167440819","0.9983417707785684"
"81","300","0.4","0.45","0.5","0.3","0.2","0.05","300","65746","8109","57637","0.8766616980500714","8109","5622","0.8365297077673475","0.9567871450874412"
"82","300","0.4","0.45","0.5","0.3","0.2","0.05","300","65227","8089","57138","0.8759869379244791","8089","5724","0.8322827692777307","0.9509361589048095"
"78","300","0.4","0.4","0.5","0.3","0.2","0.05","300","71844","9136","62708","0.8728355882189188","9136","6342","0.8381766149597265","0.9978435378828724"
"83","300","0.4","0.45","0.5","0.3","0.2","0.05","300","64380","8039","56341","0.8751320285803045","8039","5651","0.8457523015778977","0.942810107745274"
"84","300","0.4","0.45","0.5","0.3","0.2","0.05","300","64083","8006","56077","0.8750682708362593","8006","5638","0.8319295622461984","0.9493862870409724"
"80","300","0.4","0.4","0.5","0.3","0.2","0.05","300","71120","9041","62079","0.8728768278965129","9041","6323","0.829004233416384","0.9959390434374072"
"86","300","0.4","0.45","0.5","0.3","0.2","0.05","300","65374","8047","57327","0.8769082509866307","8047","5650","0.8266985029688617","0.9533124928501174"
"87","300","0.4","0.45","0.5","0.3","0.2","0.05","300","64206","7979","56227","0.8757281250973429","7979","5605","0.8266635879151111","0.9472626054617101"
"88","300","0.4","0.45","0.5","0.3","0.2","0.05","300","65097","8076","57021","0.8759389833632887","8076","5673","0.8339899303399879","0.9590206702149761"
"85","300","0.4","0.45","0.5","0.3","0.2","0.05","300","65694","8198","57496","0.8752093037415898","8198","5689","0.8473242974702305","0.9669721930151629"
"74","300","0.4","0.4","0.5","0.3","0.2","0.05","300","72382","9105","63277","0.8742090575004835","9105","6353","0.8258698636771761","0.9969715159365652"
"89","300","0.4","0.45","0.5","0.3","0.2","0.05","300","64055","8030","56025","0.8746389821247366","8030","5638","0.8393504194191566","0.94675388886117"
"93","300","0.4","0.5","0.5","0.3","0.2","0.05","300","57943","7016","50927","0.8789154859085653","7016","4944","0.8278193278201355","0.802986927416815"
"90","300","0.4","0.45","0.5","0.3","0.2","0.05","300","65713","8170","57543","0.8756714805289668","8170","5701","0.8589376029705755","0.9575207423198837"
"91","300","0.4","0.5","0.5","0.3","0.2","0.05","300","59016","7090","51926","0.8798630879761421","7090","4945","0.832574996602108","0.8211310724592422"
"95","300","0.4","0.5","0.5","0.3","0.2","0.05","300","57857","7023","50834","0.8786145150975682","7023","4966","0.8403217315105814","0.8014667974928258"
"92","300","0.4","0.5","0.5","0.3","0.2","0.05","300","57562","6937","50625","0.8794864667662694","6937","4878","0.8112853227914198","0.7817628185396188"
"94","300","0.4","0.5","0.5","0.3","0.2","0.05","300","57267","7025","50242","0.877329002741544","7025","4931","0.8323413292292295","0.7826222113266498"
"96","300","0.4","0.5","0.5","0.3","0.2","0.05","300","56569","6883","49686","0.878325584684191","6883","4851","0.8315584928503887","0.7759648978796695"
"97","300","0.4","0.5","0.5","0.3","0.2","0.05","300","57769","7043","50726","0.878083401132095","7043","4896","0.8330568158578348","0.7967103205042623"
"98","300","0.4","0.5","0.5","0.3","0.2","0.05","300","59594","7167","52427","0.8797362150552069","7167","5030","0.8417682744044623","0.8453097274176568"
"102","300","0.4","0.55","0.5","0.3","0.2","0.05","300","54168","6301","47867","0.8836767094963817","6301","4394","0.8248435960968601","0.6781586962931944"
"101","300","0.4","0.55","0.5","0.3","0.2","0.05","300","53686","6246","47440","0.8836568192824945","6246","4359","0.8261713109230499","0.6829682869111013"
"100","300","0.4","0.5","0.5","0.3","0.2","0.05","300","58322","7062","51260","0.8789136175028291","7062","4970","0.8371765981113599","0.8119082248972406"
"103","300","0.4","0.55","0.5","0.3","0.2","0.05","300","52805","6149","46656","0.8835526938736862","6149","4295","0.8272394295732142","0.656652145197882"
"99","300","0.4","0.5","0.5","0.3","0.2","0.05","300","57552","6931","50621","0.8795697803725326","6931","4885","0.8219854508904048","0.790464994265438"
"106","300","0.4","0.55","0.5","0.3","0.2","0.05","300","52878","6158","46720","0.8835432505011536","6158","4305","0.8371671016769542","0.667025257427175"
"105","300","0.4","0.55","0.5","0.3","0.2","0.05","300","53321","6189","47132","0.8839294086757563","6189","4348","0.8297205347126685","0.66848638133322"
"104","300","0.4","0.55","0.5","0.3","0.2","0.05","300","53992","6312","47680","0.8830937916728404","6312","4439","0.8401135258334137","0.686098037952034"
"107","300","0.4","0.55","0.5","0.3","0.2","0.05","300","53891","6257","47634","0.8838952700822029","6257","4379","0.8148203075159748","0.6786501740846748"
"108","300","0.4","0.55","0.5","0.3","0.2","0.05","300","52936","6144","46792","0.8839353181199939","6144","4322","0.8297827232190855","0.6647553260820684"
"110","300","0.4","0.55","0.5","0.3","0.2","0.05","300","52344","6024","46320","0.88491517652453","6024","4234","0.8193728150553868","0.6446846247018321"
"111","300","0.4","0.6","0.5","0.3","0.2","0.05","300","50108","5450","44658","0.8912349325457013","5450","3762","0.8437974476680745","0.6041184938281807"
"109","300","0.4","0.55","0.5","0.3","0.2","0.05","300","53006","6205","46801","0.8829377806286081","6205","4387","0.8330536733142868","0.6670563690394883"
"115","300","0.4","0.6","0.5","0.3","0.2","0.05","300","50319","5440","44879","0.8918897434368728","5440","3827","0.8345112845843862","0.5981478509868089"
"114","300","0.4","0.6","0.5","0.3","0.2","0.05","300","49732","5400","44332","0.8914180004825867","5400","3806","0.8565352968983272","0.5971559066196546"
"117","300","0.4","0.6","0.5","0.3","0.2","0.05","300","50049","5424","44625","0.8916262063178085","5424","3798","0.8351963010048652","0.6000198605607502"
"116","300","0.4","0.6","0.5","0.3","0.2","0.05","300","49974","5420","44554","0.8915436026733902","5420","3744","0.8350294618427007","0.5972865905180188"
"113","300","0.4","0.6","0.5","0.3","0.2","0.05","300","50208","5371","44837","0.8930250159337157","5371","3741","0.8343179494494367","0.5949270346049861"
"118","300","0.4","0.6","0.5","0.3","0.2","0.05","300","51385","5590","45795","0.891213389121339","5590","3878","0.8393851119018606","0.61174020762831"
"112","300","0.4","0.6","0.5","0.3","0.2","0.05","300","50214","5395","44819","0.8925598438682439","5395","3760","0.8407590899979335","0.595516635250782"
"119","300","0.4","0.6","0.5","0.3","0.2","0.05","300","49385","5314","44071","0.8923964766629543","5314","3767","0.8306505655830017","0.5849825338350837"
"120","300","0.4","0.6","0.5","0.3","0.2","0.05","300","49952","5403","44549","0.8918361627162076","5403","3759","0.8445297826171544","0.5959002116036177"
"121","300","0.4","0.65","0.5","0.3","0.2","0.05","300","47510","4784","42726","0.8993054093874974","4784","3346","0.8541776287753209","0.5569782676686703"
"122","300","0.4","0.65","0.5","0.3","0.2","0.05","300","46964","4662","42302","0.9007324759390172","4662","3229","0.8540952018803555","0.5492761740020249"
"123","300","0.4","0.65","0.5","0.3","0.2","0.05","300","47613","4763","42850","0.8999642954655241","4763","3334","0.8629033002222516","0.559637701927679"
"124","300","0.4","0.65","0.5","0.3","0.2","0.05","300","47651","4777","42874","0.8997502675704602","4777","3310","0.8623097866166144","0.5534467629171999"
"127","300","0.4","0.65","0.5","0.3","0.2","0.05","300","47456","4685","42771","0.9012769723533378","4685","3294","0.8702772352570379","0.5617629147109569"
"125","300","0.4","0.65","0.5","0.3","0.2","0.05","300","48047","4719","43328","0.9017836701563053","4719","3338","0.858739012033926","0.5547315563909492"
"126","300","0.4","0.65","0.5","0.3","0.2","0.05","300","47205","4650","42555","0.9014934858595488","4650","3301","0.8411563987324234","0.5413180499447666"
"128","300","0.4","0.65","0.5","0.3","0.2","0.05","300","47144","4678","42466","0.900772102494485","4678","3296","0.8532599666490439","0.5536350293885121"
"129","300","0.4","0.65","0.5","0.3","0.2","0.05","300","47381","4739","42642","0.8999810050442161","4739","3364","0.8603656099951671","0.5571040603035587"
"130","300","0.4","0.65","0.5","0.3","0.2","0.05","300","47024","4669","42355","0.9007102756039469","4669","3250","0.8553360436606283","0.5501288566090382"
